{
  "meta_title": "",
  "meta_description": "",
  "sections": [
    {
      "type": "banner-slider",
      "autoplay": 0,
      "full_width": true,
      "slides": [
        {
          "img": "/img/uploads/banner-loja-virtual-festival-de-ofertas-colorido-rosa-azul-1920x450.png",
          "link": "/headset",
          "alt": "",
          "start": "",
          "end": "",
          "mobile_img": ""
        }
      ]
    },
    {
      "type": "info-bar",
      "enabled": true
    },
    {
      "page": 1,
      "title": "OFERTAS DE SETEMBRO",
      "shuffle": true,
      "headless": true,
      "type": "collection-shelf",
      "link": "/ofertas",
      "limit": 12,
      "collection_id": null,
      "sort": "offers"
    },
    {
      "type": "page-title",
      "title": "Loja demo da E-Com Plus",
      "description": "Loja de demonstração e testes da plataforma E-Com Plus e Storefront. Todos os produtos, preços e informações são meramente ilustrativos."
    },
    {
      "type": "collection-shelf",
      "shuffle": false,
      "limit": 12,
      "page": 1
    }
  ]
}